target,collocate,exp_local,obs_local,ratio_local,obs_global,p_value
沃兰德,玛格丽特,10.499154306531356,31,2.9526187628955407,502,1.355994603269295e-07
沃兰德,大师,3.2417707520166537,12,3.7016806301108716,155,0.0001132516327467803
沃兰德,先生,0.3973783502472027,10,25.164934108209874,19,1.2244151118462415e-12
沃兰德,声音,2.279696851418163,7,3.0705837031118466,109,0.008152126301568585
沃兰德,答道,1.8823185011709602,6,3.1875583203732503,90,0.011677352287736253
沃兰德,一只,2.0496357012750455,6,2.9273494778938014,98,0.0171826479523689
沃兰德,离开,1.129391100702576,6,5.3125972006220845,54,0.000911121582271468
沃兰德,利霍杰,0.7738420504813948,6,7.753520238745744,37,0.00011092792664646467
沃兰德,耶夫,0.8575006505334374,6,6.99707923984372,41,0.00019978983538326833
沃兰德,演员,1.129391100702576,6,5.3125972006220845,54,0.000911121582271468
沃兰德,魔法,0.9202446005724694,6,6.520005655308921,44,0.00029735938386377114
沃兰德,开口,0.564695550351288,5,8.854328667703474,27,0.00021921571327754297
沃兰德,老爷,1.2130497007546188,5,4.121842655655065,58,0.007300533594826408
沃兰德,沉默,0.3973783502472027,4,10.065973643283948,19,0.0005754332097485104
沃兰德,床上,0.5856102003642987,4,6.8304821150855375,28,0.0026175773658778656
沃兰德,膝盖,0.4601223002862347,4,8.693340873745228,22,0.0010330720251267023
沃兰德,亲爱,0.7947567004944054,4,5.032986821641974,38,0.008002105881815935
沃兰德,卧室,0.8156713505074161,4,4.903935877497308,39,0.008771441088559095
沃兰德,随从,0.29280510018214934,4,13.660964230171075,14,0.00016155206777623832
沃兰德,地球仪,0.16731720010408535,4,23.906687402799378,8,1.2493159765603276e-05
沃兰德,嘟哝,0.5437809003382774,3,5.516927862184471,26,0.016594933134213785
沃兰德,转过,0.2091465001301067,3,14.344012441679627,10,0.0009821593551226915
沃兰德,命令,0.3555490502211814,3,8.437654377458603,17,0.004989068377730832
沃兰德,转身,0.4601223002862347,3,6.520005655308921,22,0.010455336674607851
沃兰德,轻声,0.501951600312256,3,5.976671850699844,24,0.013323079546842975
沃兰德,地望,0.6692688004163414,3,4.482503888024883,32,0.028873363975935984
沃兰德,举起,0.5228662503252667,3,5.737604976671851,25,0.014908091947834823
沃兰德,一件,0.7947567004944054,3,3.774740116231481,38,0.04481818583129471
沃兰德,不行,0.4601223002862347,3,6.520005655308921,22,0.010455336674607851
沃兰德,客气,0.23006115014311734,3,13.040011310617842,11,0.001329467632455339
沃兰德,见鬼,0.29280510018214934,3,10.245723172628306,14,0.0027984634015446597
沃兰德,男爵,0.48103695029924537,3,6.23652714855636,23,0.011839145676429741
沃兰德,住房,0.7110981004423628,3,4.218827188729302,34,0.03378643033891893
沃兰德,表演,0.6483541504033308,3,4.627100787638589,31,0.026569901068084545
沃兰德,演出,0.4182930002602134,3,7.172006220839814,20,0.00798318826438893
沃兰德,脸来,0.062743950039032,3,47.813374805598755,3,9.13809504045301e-06
沃兰德,指着,0.31371975019516,3,9.562674961119752,15,0.0034439179696853506
沃兰德,要求,0.29280510018214934,3,10.245723172628306,14,0.0027984634015446597
沃兰德,万能,0.10457325006505334,3,28.688024883359255,5,8.85413428969341e-05
沃兰德,介绍,0.2718904501691387,3,11.033855724368943,13,0.002233410724955198
沃兰德,露台,0.29280510018214934,3,10.245723172628306,14,0.0027984634015446597
沃兰德,一本,0.2091465001301067,2,9.56267496111975,10,0.017599716207755467
沃兰德,他俩,0.3346344002081707,2,5.976671850699844,16,0.043211948701813885
沃兰德,同意,0.2718904501691387,2,7.355903816245962,13,0.029268640999439266
沃兰德,眼光,0.3346344002081707,2,5.976671850699844,16,0.043211948701813885
沃兰德,到此为止,0.062743950039032,2,31.875583203732504,3,0.0012934920195133155
沃兰德,手稿,0.3555490502211814,2,5.6251029183057355,17,0.048308332530488385
沃兰德,今晚,0.23006115014311734,2,8.693340873745228,11,0.021215326883985863
沃兰德,不高,0.125487900078064,2,15.937791601866252,6,0.006201812504368243
沃兰德,两名,0.29280510018214934,2,6.8304821150855375,14,0.0336803375452146
沃兰德,同样,0.2718904501691387,2,7.355903816245962,13,0.029268640999439266
沃兰德,挥手,0.2718904501691387,2,7.355903816245962,13,0.029268640999439266
沃兰德,冷笑,0.188231850117096,2,10.625194401244169,9,0.014276205065870906
沃兰德,行为,0.3555490502211814,2,5.6251029183057355,17,0.048308332530488385
沃兰德,乐意,0.10457325006505334,2,19.1253499222395,5,0.0041926460291136225
沃兰德,一案,0.125487900078064,2,15.937791601866252,6,0.006201812504368243
沃兰德,大约,0.2718904501691387,2,7.355903816245962,13,0.029268640999439266
沃兰德,伟大,0.188231850117096,2,10.625194401244169,9,0.014276205065870906
沃兰德,有如,0.14640255009107467,2,13.660964230171075,7,0.008562423147532972
沃兰德,火光,0.3346344002081707,2,5.976671850699844,16,0.043211948701813885
沃兰德,询问,0.14640255009107467,2,13.660964230171075,7,0.008562423147532972
沃兰德,说出,0.23006115014311734,2,8.693340873745228,11,0.021215326883985863
沃兰德,夫人,0.23006115014311734,2,8.693340873745228,11,0.021215326883985863
沃兰德,下榻,0.08365860005204268,2,23.906687402799378,4,0.0025510043635285106
沃兰德,恳求,0.29280510018214934,2,6.8304821150855375,14,0.0336803375452146
沃兰德,人头,0.29280510018214934,2,6.8304821150855375,14,0.0336803375452146
沃兰德,长剑,0.16731720010408535,2,11.953343701399689,8,0.011258911563778895
沃兰德,打扮,0.29280510018214934,2,6.8304821150855375,14,0.0336803375452146
沃兰德,接受,0.23006115014311734,2,8.693340873745228,11,0.021215326883985863
沃兰德,烛光,0.16731720010408535,2,11.953343701399689,8,0.011258911563778895
沃兰德,怯生生,0.188231850117096,2,10.625194401244169,9,0.014276205065870906
沃兰德,微笑,0.31371975019516,2,6.375116640746501,15,0.038332094114125526
沃兰德,注视,0.2091465001301067,2,9.56267496111975,10,0.017599716207755467
沃兰德,租给,0.062743950039032,2,31.875583203732504,3,0.0012934920195133155
沃兰德,一周,0.16731720010408535,2,11.953343701399689,8,0.011258911563778895
沃兰德,听说,0.29280510018214934,2,6.8304821150855375,14,0.0336803375452146
沃兰德,见过,0.188231850117096,2,10.625194401244169,9,0.014276205065870906
沃兰德,七场,0.04182930002602134,2,47.813374805598755,2,0.00043725606973360573
沃兰德,一万,0.10457325006505334,2,19.1253499222395,5,0.0041926460291136225
沃兰德,凳上,0.062743950039032,2,31.875583203732504,3,0.0012934920195133155
沃兰德,石头,0.29280510018214934,2,6.8304821150855375,14,0.0336803375452146
沃兰德,可爱,0.125487900078064,2,15.937791601866252,6,0.006201812504368243
沃兰德,协会,0.14640255009107467,2,13.660964230171075,7,0.008562423147532972
沃兰德,专场,0.04182930002602134,2,47.813374805598755,2,0.00043725606973360573
沃兰德,转告,0.08365860005204268,2,23.906687402799378,4,0.0025510043635285106
沃兰德,身影,0.3346344002081707,2,5.976671850699844,16,0.043211948701813885
沃兰德,小丑,0.08365860005204268,2,23.906687402799378,4,0.0025510043635285106
沃兰德,不看,0.125487900078064,2,15.937791601866252,6,0.006201812504368243
沃兰德,无赖,0.10457325006505334,2,19.1253499222395,5,0.0041926460291136225
沃兰德,身旁,0.14640255009107467,2,13.660964230171075,7,0.008562423147532972
沃兰德,九个,0.10457325006505334,2,19.1253499222395,5,0.0041926460291136225
沃兰德,棋盘,0.125487900078064,2,15.937791601866252,6,0.006201812504368243
沃兰德,炽热,0.04182930002602134,2,47.813374805598755,2,0.00043725606973360573
沃兰德,巴顿,0.2718904501691387,2,7.355903816245962,13,0.029268640999439266
沃兰德,若洪钟,0.062743950039032,2,31.875583203732504,3,0.0012934920195133155
沃兰德,弗丽达,0.2718904501691387,2,7.355903816245962,13,0.029268640999439266
沃兰德,首都,0.125487900078064,2,15.937791601866252,6,0.006201812504368243
沃兰德,未必,0.04182930002602134,2,47.813374805598755,2,0.00043725606973360573
沃兰德,侦查,0.250975800156128,2,7.968895800933126,12,0.025109374937787532
沃兰德,折叠,0.04182930002602134,2,47.813374805598755,2,0.00043725606973360573
沃兰德,日落时分,0.04182930002602134,2,47.813374805598755,2,0.00043725606973360573
沃兰德,慈善,0.04182930002602134,1,23.906687402799378,2,0.041392043956100015
沃兰德,天地,0.04182930002602134,1,23.906687402799378,2,0.041392043956100015
沃兰德,这番话,0.04182930002602134,1,23.906687402799378,2,0.041392043956100015
沃兰德,推进,0.04182930002602134,1,23.906687402799378,2,0.041392043956100015
沃兰德,喝住,0.04182930002602134,1,23.906687402799378,2,0.041392043956100015
沃兰德,嗖地,0.04182930002602134,1,23.906687402799378,2,0.041392043956100015
沃兰德,抬眼,0.04182930002602134,1,23.906687402799378,2,0.041392043956100015
沃兰德,结识,0.04182930002602134,1,23.906687402799378,2,0.041392043956100015
沃兰德,完毕,0.04182930002602134,1,23.906687402799378,2,0.041392043956100015
沃兰德,那幅,0.04182930002602134,1,23.906687402799378,2,0.041392043956100015
沃兰德,不大好,0.04182930002602134,1,23.906687402799378,2,0.041392043956100015
沃兰德,间隙,0.04182930002602134,1,23.906687402799378,2,0.041392043956100015
沃兰德,笑嘻嘻,0.04182930002602134,1,23.906687402799378,2,0.041392043956100015
沃兰德,对斯乔帕,0.04182930002602134,1,23.906687402799378,2,0.041392043956100015
沃兰德,见斯乔帕,0.02091465001301067,1,47.813374805598755,1,0.020914650013177508
沃兰德,面有难色,0.02091465001301067,1,47.813374805598755,1,0.020914650013177508
沃兰德,自报家门,0.02091465001301067,1,47.813374805598755,1,0.020914650013177508
沃兰德,一五一十,0.02091465001301067,1,47.813374805598755,1,0.020914650013177508
沃兰德,签订,0.02091465001301067,1,47.813374805598755,1,0.020914650013177508
沃兰德,斜批,0.02091465001301067,1,47.813374805598755,1,0.020914650013177508
沃兰德,准予,0.02091465001301067,1,47.813374805598755,1,0.020914650013177508
沃兰德,费计,0.02091465001301067,1,47.813374805598755,1,0.020914650013177508
沃兰德,三万五千,0.04182930002602134,1,23.906687402799378,2,0.041392043956100015
沃兰德,预付,0.02091465001301067,1,47.813374805598755,1,0.020914650013177508
沃兰德,附有,0.02091465001301067,1,47.813374805598755,1,0.020914650013177508
沃兰德,收据,0.04182930002602134,1,23.906687402799378,2,0.041392043956100015
沃兰德,问上,0.02091465001301067,1,47.813374805598755,1,0.020914650013177508
沃兰德,牙直,0.02091465001301067,1,47.813374805598755,1,0.020914650013177508
沃兰德,打下,0.02091465001301067,1,47.813374805598755,1,0.020914650013177508
沃兰德,不足为怪,0.02091465001301067,1,47.813374805598755,1,0.020914650013177508
沃兰德,红发人,0.04182930002602134,1,23.906687402799378,2,0.041392043956100015
沃兰德,扔出去,0.02091465001301067,1,47.813374805598755,1,0.020914650013177508
沃兰德,双膝,0.04182930002602134,1,23.906687402799378,2,0.041392043956100015
沃兰德,一回,0.04182930002602134,1,23.906687402799378,2,0.041392043956100015
沃兰德,生前,0.04182930002602134,1,23.906687402799378,2,0.041392043956100015
沃兰德,欣然,0.04182930002602134,1,23.906687402799378,2,0.041392043956100015
沃兰德,期间,0.04182930002602134,1,23.906687402799378,2,0.041392043956100015
沃兰德,旅馆,0.02091465001301067,1,47.813374805598755,1,0.020914650013177508
沃兰德,习惯于,0.02091465001301067,1,47.813374805598755,1,0.020914650013177508
沃兰德,巡演,0.04182930002602134,1,23.906687402799378,2,0.041392043956100015
沃兰德,全套,0.02091465001301067,1,47.813374805598755,1,0.020914650013177508
沃兰德,私宅,0.04182930002602134,1,23.906687402799378,2,0.041392043956100015
沃兰德,私下,0.04182930002602134,1,23.906687402799378,2,0.041392043956100015
沃兰德,租期,0.02091465001301067,1,47.813374805598755,1,0.020914650013177508
沃兰德,租金,0.02091465001301067,1,47.813374805598755,1,0.020914650013177508
沃兰德,迟疑,0.02091465001301067,1,47.813374805598755,1,0.020914650013177508
沃兰德,报复,0.04182930002602134,1,23.906687402799378,2,0.041392043956100015
沃兰德,印着,0.04182930002602134,1,23.906687402799378,2,0.041392043956100015
沃兰德,底色,0.02091465001301067,1,47.813374805598755,1,0.020914650013177508
沃兰德,红字,0.02091465001301067,1,47.813374805598755,1,0.020914650013177508
沃兰德,自即日起,0.02091465001301067,1,47.813374805598755,1,0.020914650013177508
沃兰德,急电,0.04182930002602134,1,23.906687402799378,2,0.041392043956100015
沃兰德,跟利,0.02091465001301067,1,47.813374805598755,1,0.020914650013177508
沃兰德,可资,0.02091465001301067,1,47.813374805598755,1,0.020914650013177508
沃兰德,蒙住,0.04182930002602134,1,23.906687402799378,2,0.041392043956100015
沃兰德,高超,0.04182930002602134,1,23.906687402799378,2,0.041392043956100015
沃兰德,技巧,0.04182930002602134,1,23.906687402799378,2,0.041392043956100015
沃兰德,精彩,0.04182930002602134,1,23.906687402799378,2,0.041392043956100015
沃兰德,揭穿,0.04182930002602134,1,23.906687402799378,2,0.041392043956100015
沃兰德,实验,0.02091465001301067,1,47.813374805598755,1,0.020914650013177508
沃兰德,奥秘,0.04182930002602134,1,23.906687402799378,2,0.041392043956100015
沃兰德,大度,0.04182930002602134,1,23.906687402799378,2,0.041392043956100015
沃兰德,没听说过,0.04182930002602134,1,23.906687402799378,2,0.041392043956100015
沃兰德,尾声,0.04182930002602134,1,23.906687402799378,2,0.041392043956100015
沃兰德,傻乎乎,0.04182930002602134,1,23.906687402799378,2,0.041392043956100015
沃兰德,考验,0.04182930002602134,1,23.906687402799378,2,0.041392043956100015
沃兰德,从头到尾,0.04182930002602134,1,23.906687402799378,2,0.041392043956100015
沃兰德,入时,0.04182930002602134,1,23.906687402799378,2,0.041392043956100015
沃兰德,止住,0.04182930002602134,1,23.906687402799378,2,0.041392043956100015
沃兰德,一无所知,0.04182930002602134,1,23.906687402799378,2,0.041392043956100015
沃兰德,泪眼,0.04182930002602134,1,23.906687402799378,2,0.041392043956100015
沃兰德,受惊,0.04182930002602134,1,23.906687402799378,2,0.041392043956100015
沃兰德,放行,0.04182930002602134,1,23.906687402799378,2,0.041392043956100015
沃兰德,混入,0.04182930002602134,1,23.906687402799378,2,0.041392043956100015
沃兰德,蹙额,0.04182930002602134,1,23.906687402799378,2,0.041392043956100015
沃兰德,老半天,0.02091465001301067,1,47.813374805598755,1,0.020914650013177508
沃兰德,姓沃,0.02091465001301067,1,47.813374805598755,1,0.020914650013177508
沃兰德,兰德,0.02091465001301067,1,47.813374805598755,1,0.020914650013177508
沃兰德,出发,0.04182930002602134,1,23.906687402799378,2,0.041392043956100015
沃兰德,相连,0.04182930002602134,1,23.906687402799378,2,0.041392043956100015
沃兰德,随从人员,0.04182930002602134,1,23.906687402799378,2,0.041392043956100015
沃兰德,二十四万,0.04182930002602134,1,23.906687402799378,2,0.041392043956100015
沃兰德,九千,0.04182930002602134,1,23.906687402799378,2,0.041392043956100015
沃兰德,整数,0.02091465001301067,1,47.813374805598755,1,0.020914650013177508
沃兰德,每月,0.02091465001301067,1,47.813374805598755,1,0.020914650013177508
沃兰德,平均,0.02091465001301067,1,47.813374805598755,1,0.020914650013177508
沃兰德,七千,0.04182930002602134,1,23.906687402799378,2,0.041392043956100015
沃兰德,远去,0.04182930002602134,1,23.906687402799378,2,0.041392043956100015
沃兰德,抠出,0.04182930002602134,1,23.906687402799378,2,0.041392043956100015
沃兰德,揉擦,0.04182930002602134,1,23.906687402799378,2,0.041392043956100015
沃兰德,四肢,0.04182930002602134,1,23.906687402799378,2,0.041392043956100015
沃兰德,完全彻底,0.04182930002602134,1,23.906687402799378,2,0.041392043956100015
沃兰德,醒悟,0.04182930002602134,1,23.906687402799378,2,0.041392043956100015
沃兰德,跟头,0.04182930002602134,1,23.906687402799378,2,0.041392043956100015
沃兰德,正色,0.04182930002602134,1,23.906687402799378,2,0.041392043956100015
沃兰德,极轻,0.04182930002602134,1,23.906687402799378,2,0.041392043956100015
沃兰德,了不起,0.04182930002602134,1,23.906687402799378,2,0.041392043956100015
沃兰德,血统,0.04182930002602134,1,23.906687402799378,2,0.041392043956100015
沃兰德,倾向,0.02091465001301067,1,47.813374805598755,1,0.020914650013177508
沃兰德,左肩,0.02091465001301067,1,47.813374805598755,1,0.020914650013177508
沃兰德,前胸,0.02091465001301067,1,47.813374805598755,1,0.020914650013177508
沃兰德,它安在,0.02091465001301067,1,47.813374805598755,1,0.020914650013177508
沃兰德,笨重,0.02091465001301067,1,47.813374805598755,1,0.020914650013177508
沃兰德,弯身,0.02091465001301067,1,47.813374805598755,1,0.020914650013177508
沃兰德,摇头,0.02091465001301067,1,47.813374805598755,1,0.020914650013177508
沃兰德,输定,0.02091465001301067,1,47.813374805598755,1,0.020914650013177508
沃兰德,黑白,0.02091465001301067,1,47.813374805598755,1,0.020914650013177508
沃兰德,两格,0.02091465001301067,1,47.813374805598755,1,0.020914650013177508
沃兰德,伸过去,0.02091465001301067,1,47.813374805598755,1,0.020914650013177508
沃兰德,岩浆,0.02091465001301067,1,47.813374805598755,1,0.020914650013177508
沃兰德,压痛,0.02091465001301067,1,47.813374805598755,1,0.020914650013177508
沃兰德,亲近,0.02091465001301067,1,47.813374805598755,1,0.020914650013177508
沃兰德,风湿病,0.02091465001301067,1,47.813374805598755,1,0.020914650013177508
沃兰德,这膝,0.02091465001301067,1,47.813374805598755,1,0.020914650013177508
沃兰德,所指,0.04182930002602134,1,23.906687402799378,2,0.041392043956100015
沃兰德,何事,0.02091465001301067,1,47.813374805598755,1,0.020914650013177508
沃兰德,过多,0.02091465001301067,1,47.813374805598755,1,0.020914650013177508
沃兰德,造孽,0.02091465001301067,1,47.813374805598755,1,0.020914650013177508
沃兰德,低低的,0.02091465001301067,1,47.813374805598755,1,0.020914650013177508
沃兰德,现代,0.02091465001301067,1,47.813374805598755,1,0.020914650013177508
沃兰德,朝亚,0.02091465001301067,1,47.813374805598755,1,0.020914650013177508
沃兰德,美人,0.02091465001301067,1,47.813374805598755,1,0.020914650013177508
沃兰德,怪僻,0.02091465001301067,1,47.813374805598755,1,0.020914650013177508
沃兰德,血流,0.04182930002602134,1,23.906687402799378,2,0.041392043956100015
沃兰德,伫立,0.04182930002602134,1,23.906687402799378,2,0.041392043956100015
沃兰德,黑袍,0.04182930002602134,1,23.906687402799378,2,0.041392043956100015
沃兰德,那身,0.02091465001301067,1,47.813374805598755,1,0.020914650013177508
沃兰德,亲昵,0.02091465001301067,1,47.813374805598755,1,0.020914650013177508
沃兰德,风言风语,0.02091465001301067,1,47.813374805598755,1,0.020914650013177508
沃兰德,汩汩,0.02091465001301067,1,47.813374805598755,1,0.020914650013177508
沃兰德,接满,0.02091465001301067,1,47.813374805598755,1,0.020914650013177508
沃兰德,干杯,0.04182930002602134,1,23.906687402799378,2,0.041392043956100015
沃兰德,唇边,0.04182930002602134,1,23.906687402799378,2,0.041392043956100015
沃兰德,昆虫,0.02091465001301067,1,47.813374805598755,1,0.020914650013177508
沃兰德,蜕变,0.02091465001301067,1,47.813374805598755,1,0.020914650013177508
沃兰德,第二十四章,0.02091465001301067,1,47.813374805598755,1,0.020914650013177508
沃兰德,不美,0.02091465001301067,1,47.813374805598755,1,0.020914650013177508
沃兰德,狗熊,0.02091465001301067,1,47.813374805598755,1,0.020914650013177508
沃兰德,酒吧,0.04182930002602134,1,23.906687402799378,2,0.041392043956100015
沃兰德,明确,0.04182930002602134,1,23.906687402799378,2,0.041392043956100015
沃兰德,不早了,0.02091465001301067,1,47.813374805598755,1,0.020914650013177508
沃兰德,再来,0.02091465001301067,1,47.813374805598755,1,0.020914650013177508
沃兰德,模糊地,0.02091465001301067,1,47.813374805598755,1,0.020914650013177508
沃兰德,乞求,0.04182930002602134,1,23.906687402799378,2,0.041392043956100015
沃兰德,很沉,0.02091465001301067,1,47.813374805598755,1,0.020914650013177508
沃兰德,会意,0.02091465001301067,1,47.813374805598755,1,0.020914650013177508
沃兰德,烦人,0.02091465001301067,1,47.813374805598755,1,0.020914650013177508
沃兰德,球上,0.02091465001301067,1,47.813374805598755,1,0.020914650013177508
沃兰德,不切实际,0.02091465001301067,1,47.813374805598755,1,0.020914650013177508
沃兰德,不慎,0.02091465001301067,1,47.813374805598755,1,0.020914650013177508
沃兰德,这大,0.02091465001301067,1,47.813374805598755,1,0.020914650013177508
沃兰德,踏实,0.04182930002602134,1,23.906687402799378,2,0.041392043956100015
沃兰德,纵声,0.02091465001301067,1,47.813374805598755,1,0.020914650013177508
沃兰德,欣喜欲狂,0.02091465001301067,1,47.813374805598755,1,0.020914650013177508
沃兰德,正反面,0.02091465001301067,1,47.813374805598755,1,0.020914650013177508
沃兰德,用长,0.02091465001301067,1,47.813374805598755,1,0.020914650013177508
沃兰德,商量一下,0.04182930002602134,1,23.906687402799378,2,0.041392043956100015
沃兰德,重回,0.04182930002602134,1,23.906687402799378,2,0.041392043956100015
沃兰德,披散,0.02091465001301067,1,47.813374805598755,1,0.020914650013177508
沃兰德,阁下,0.02091465001301067,1,47.813374805598755,1,0.020914650013177508
沃兰德,两脚朝,0.02091465001301067,1,47.813374805598755,1,0.020914650013177508
沃兰德,不太像,0.02091465001301067,1,47.813374805598755,1,0.020914650013177508
沃兰德,禀告,0.04182930002602134,1,23.906687402799378,2,0.041392043956100015
沃兰德,办好,0.02091465001301067,1,47.813374805598755,1,0.020914650013177508
沃兰德,如此说来,0.02091465001301067,1,47.813374805598755,1,0.020914650013177508
沃兰德,再也不会,0.04182930002602134,1,23.906687402799378,2,0.041392043956100015
沃兰德,延长,0.04182930002602134,1,23.906687402799378,2,0.041392043956100015
沃兰德,呼喊,0.02091465001301067,1,47.813374805598755,1,0.020914650013177508
沃兰德,照明,0.02091465001301067,1,47.813374805598755,1,0.020914650013177508
沃兰德,平顶,0.04182930002602134,1,23.906687402799378,2,0.041392043956100015
沃兰德,背影,0.04182930002602134,1,23.906687402799378,2,0.041392043956100015
沃兰德,少顷,0.04182930002602134,1,23.906687402799378,2,0.041392043956100015
沃兰德,不言而喻,0.04182930002602134,1,23.906687402799378,2,0.041392043956100015
沃兰德,号角,0.04182930002602134,1,23.906687402799378,2,0.041392043956100015
沃兰德,荒凉,0.04182930002602134,1,23.906687402799378,2,0.041392043956100015
沃兰德,损害,0.02091465001301067,1,47.813374805598755,1,0.020914650013177508
沃兰德,静静,0.04182930002602134,1,23.906687402799378,2,0.041392043956100015
沃兰德,层楼,0.02091465001301067,1,47.813374805598755,1,0.020914650013177508
沃兰德,忙于,0.02091465001301067,1,47.813374805598755,1,0.020914650013177508
沃兰德,矢口否认,0.02091465001301067,1,47.813374805598755,1,0.020914650013177508
沃兰德,冒充,0.04182930002602134,1,23.906687402799378,2,0.041392043956100015
沃兰德,受害者,0.04182930002602134,1,23.906687402799378,2,0.041392043956100015
沃兰德,匪帮,0.04182930002602134,1,23.906687402799378,2,0.041392043956100015
沃兰德,照旧,0.02091465001301067,1,47.813374805598755,1,0.020914650013177508
沃兰德,飘起,0.04182930002602134,1,23.906687402799378,2,0.041392043956100015
沃兰德,转而,0.04182930002602134,1,23.906687402799378,2,0.041392043956100015
沃兰德,柱形,0.04182930002602134,1,23.906687402799378,2,0.041392043956100015
沃兰德,弓身,0.02091465001301067,1,47.813374805598755,1,0.020914650013177508
沃兰德,蜷起,0.02091465001301067,1,47.813374805598755,1,0.020914650013177508
沃兰德,君王,0.02091465001301067,1,47.813374805598755,1,0.020914650013177508
沃兰德,之侧,0.02091465001301067,1,47.813374805598755,1,0.020914650013177508
沃兰德,落日,0.02091465001301067,1,47.813374805598755,1,0.020914650013177508
沃兰德,调侃,0.02091465001301067,1,47.813374805598755,1,0.020914650013177508
沃兰德,承认现实,0.02091465001301067,1,47.813374805598755,1,0.020914650013177508
沃兰德,撇嘴,0.02091465001301067,1,47.813374805598755,1,0.020914650013177508
沃兰德,话不投机,0.02091465001301067,1,47.813374805598755,1,0.020914650013177508
沃兰德,影响,0.02091465001301067,1,47.813374805598755,1,0.020914650013177508
沃兰德,所谈,0.02091465001301067,1,47.813374805598755,1,0.020914650013177508
沃兰德,难住,0.02091465001301067,1,47.813374805598755,1,0.020914650013177508
沃兰德,他同,0.02091465001301067,1,47.813374805598755,1,0.020914650013177508
沃兰德,办到,0.02091465001301067,1,47.813374805598755,1,0.020914650013177508
沃兰德,断然,0.02091465001301067,1,47.813374805598755,1,0.020914650013177508
沃兰德,新楼,0.04182930002602134,1,23.906687402799378,2,0.041392043956100015
沃兰德,旧楼,0.02091465001301067,1,47.813374805598755,1,0.020914650013177508
沃兰德,少时,0.02091465001301067,1,47.813374805598755,1,0.020914650013177508
沃兰德,别见怪,0.02091465001301067,1,47.813374805598755,1,0.020914650013177508
沃兰德,指河,0.02091465001301067,1,47.813374805598755,1,0.020914650013177508
沃兰德,直视,0.02091465001301067,1,47.813374805598755,1,0.020914650013177508
沃兰德,群山,0.04182930002602134,1,23.906687402799378,2,0.041392043956100015
沃兰德,迎风,0.02091465001301067,1,47.813374805598755,1,0.020914650013177508
沃兰德,展开,0.02091465001301067,1,47.813374805598755,1,0.020914650013177508
沃兰德,并辔,0.02091465001301067,1,47.813374805598755,1,0.020914650013177508
沃兰德,驰驱,0.02091465001301067,1,47.813374805598755,1,0.020914650013177508
沃兰德,真容,0.02091465001301067,1,47.813374805598755,1,0.020914650013177508
沃兰德,石头山,0.02091465001301067,1,47.813374805598755,1,0.020914650013177508
沃兰德,一勒,0.02091465001301067,1,47.813374805598755,1,0.020914650013177508
沃兰德,结尾,0.02091465001301067,1,47.813374805598755,1,0.020914650013177508
沃兰德,逝去,0.02091465001301067,1,47.813374805598755,1,0.020914650013177508
沃兰德,后方,0.04182930002602134,1,23.906687402799378,2,0.041392043956100015
沃兰德,山岩,0.04182930002602134,1,23.906687402799378,2,0.041392043956100015
沃兰德,择路,0.02091465001301067,1,47.813374805598755,1,0.020914650013177508
沃兰德,逃往,0.02091465001301067,1,47.813374805598755,1,0.020914650013177508
沃兰德,侦破,0.02091465001301067,1,47.813374805598755,1,0.020914650013177508
沃兰德,旷日持久,0.02091465001301067,1,47.813374805598755,1,0.020914650013177508
沃兰德,一类,0.02091465001301067,1,47.813374805598755,1,0.020914650013177508
沃兰德,淡忘,0.02091465001301067,1,47.813374805598755,1,0.020914650013177508
