排名,词,频次
1,手推车,144
2,舷梯,44
3,科雷马,40
4,开采,36
5,推车,33
6,工队,23
7,栈道,23
8,必须,22
9,囚犯,21
10,黄金,20
11,中央,19
12,劳动,18
13,这样,18
14,一种,17
15,需要,17
16,工作,17
17,只有,16
18,车轮,16
19,身体,15
20,木板,15
21,金矿,13
22,每个,13
23,工具,13
24,不会,12
25,工人,12
26,其他,12
27,把手,12
28,一辆,11
29,矿场,11
30,它们,11
31,地堡,11
32,工头,11
33,使用,10
34,面上,10
35,一样,10
36,第条,10
37,休息,10
38,肌肉,10
39,立方米,10
40,即使,9
41,一九三八年,9
42,马车,9
43,任何,9
44,那里,9
45,公路,9
46,一名,9
47,只能,9
48,问题,9
49,整个,8
50,还是,8
51,移动,8
52,完成,8
53,沿着,8
54,推上,8
55,看到,8
56,季节,7
57,饥饿,7
58,零下,7
59,铁锹,7
60,装满,7
61,就是,7
62,采矿,7
63,货物,7
64,所有,7
65,设备,7
66,无法,7
67,一条,7
68,地方,7
69,容易,7
70,或者,7
71,生产,7
72,石头,7
73,警卫,7
74,金属,7
75,时间,6
76,知道,6
77,马加丹,6
78,才能,6
79,因此,6
80,泥炭,6
81,得到,6
82,人民,6
83,矿长,6
84,推着,6
85,距离,6
86,一起,6
87,铁匠,6
88,仍然,6
89,工友,6
90,流沙,6
91,勘探者,5
92,这是,5
93,夏天,5
94,可能,5
95,底土,5
96,清理,5
97,方式,5
98,撬棍,5
99,传送带,5
100,清除,5
101,之二,5
102,一旦,5
103,无望,5
104,获得,5
105,建设,5
106,道路,5
107,特别法庭,5
108,轮子,5
109,一份,5
110,来自,5
111,一九三七年,5
112,萨哈林,5
113,刷洗,5
114,还有,5
115,长官,5
116,包括,5
117,转动,5
118,不能,5
119,放在,5
120,肩部,5
121,挂钩,5
122,变得,4
123,只是,4
124,冬天,4
125,冬季,4
126,解决方案,4
127,准备,4
128,工程师,4
129,人会,4
130,不同,4
131,同志,4
132,出现,4
133,那么,4
134,手套,4
135,故事,4
136,技术,4
137,别尔津,4
138,哪怕,4
139,远北,4
140,总局,4
141,莫斯科,4
142,委员,4
143,政治,4
144,搬运,4
145,德菲尔,4
146,帮助,4
147,在于,4
148,保持,4
149,一块,4
150,政治犯,4
151,口粮,4
152,感觉,4
153,工段,4
154,秘密,4
155,搬运工,4
156,关心,4
157,最好,4
158,男孩,4
159,通向,4
160,泥土,4
161,东西,4
162,监工,4
163,毕竟,4
164,大约,4
165,这种,4
166,推动,4
167,原因,4
168,冲刷,4
169,力气,4
170,布拉,4
171,尼科夫,4
172,阿尼,4
173,西莫夫,4
174,之一,3
175,金子,3
176,下来,3
177,而是,3
178,从而,3
179,成为,3
180,寒冷,3
181,困难,3
182,气温,3
183,当然,3
184,装载,3
185,岩石,3
186,国家,3
187,安排,3
188,两个,3
189,足够,3
190,总是,3
191,特殊,3
192,或名,3
193,这里,3
194,沙层,3
195,沙子,3
196,马车夫,3
197,计划,3
198,机械化,3
199,很多,3
200,招募,3
201,机器,3
202,文件夹,3
203,里面,3
204,体力劳动,3
205,机会,3
206,当局,3
207,至少,3
208,一次,3
209,意味着,3
210,数据,3
211,沉重,3
212,血液,3
213,直到,3
214,铁链,3
215,工是,3
216,时期,3
217,温暖,3
218,精神,3
219,脚镣,3
220,完全,3
221,冻伤,3
222,工的,3
223,学会,3
224,平衡,3
225,一把,3
226,用来,3
227,木质,3
228,轻松,3
229,北方,3
230,很快,3
231,要求,3
232,一天,3
233,改变,3
234,制造,3
235,事实上,3
236,手指,3
237,露天矿,3
238,底部,3
239,结构,3
240,经过,3
241,矿层,3
242,支路,3
243,重要,3
244,抓住,3
245,任务,3
246,洗涤器,3
247,旁边,3
248,一边,3
249,让路,3
250,不想,3
251,记住,3
252,回到,3
253,回来,3
254,推上去,3
255,体力,3
256,手臂,3
257,所谓,3
258,仁慈,3
259,负责,3
260,施工员,3
261,代表,3
262,本身,3
263,古拉格,3
264,是否,3
265,双手,3
266,准确,3
267,效率,3
268,礼物,3
269,动作,3
270,无论是,3
271,背部,3
272,方向,3
273,跟随,3
274,容量,3
275,数字,3
276,手动,3
277,谋杀,3
278,允许,3
279,咒骂,3
280,最后,3
281,爬坡,3
282,斜坡,3
283,涂抹,3
284,克朗,2
285,代克,2
286,生机,2
287,不再,2
288,减缓,2
289,跳动,2
290,生命,2
291,矿工,2
292,疲惫,2
293,一百万,2
294,送往,2
295,却是,2
296,气候,2
297,属于,2
298,六十度,2
299,温度,2
300,一九三六年,2
301,计算,2
302,有时,2
303,含有,2
304,独自,2
305,提供,2
306,三个,2
307,用到,2
308,通常,2
309,存在,2
310,暴露出,2
311,五月,2
312,下旬,2
313,九月,2
314,中旬,2
315,各种,2
316,两辆,2
317,系统,2
318,变成,2
319,除了,2
320,操作,2
321,供应,2
322,每天,2
323,运来,2
324,组织,2
325,办事处,2
326,自由人,2
327,寻找,2
328,修建,2
329,象征,2
330,部长,2
331,组成,2
332,未经,2
333,文件,2
334,从事,2
335,劳改营,2
336,通报,2
337,行为,2
338,备忘录,2
339,报告,2
340,管理局,2
341,当地,2
342,独劳点,2
343,负责人,2
344,塞满,2
345,关于,2
346,持续,2
347,第一个,2
348,似乎,2
349,永远,2
350,称为,2
351,小型,2
352,富含,2
353,游击队员,2
354,淘金,2
355,结束,2
356,再次,2
357,十二月,2
358,沙皇,2
359,劳役,2
360,四十度,2
361,海拔,2
362,千米,2
363,通往,2
364,越来越,2
365,折磨,2
366,法国,2
367,几天,2
368,苦役,2
369,一个月,2
370,轮流,2
371,憎恨,2
372,习惯,2
373,明白,2
374,铲土,2
375,一套,2
376,钻孔,2
377,刮刀,2
378,这项,2
379,相对,2
380,禁止,2
381,马夫,2
382,虚弱,2
383,死亡,2
384,许多,2
385,根据,2
386,队里,2
387,变钝,2
388,奴隶,2
389,尽力,2
390,确保,2
391,润滑,2
392,锻造车间,2
393,唯一,2
394,提出,2
395,不像,2
396,解决,2
397,科学,2
398,便携式,2
399,不用,2
400,闲逛,2
401,埃里温,2
402,吉安,2
403,出于,2
404,某种原因,2
405,忘记,2
406,合适,2
407,石坑,2
408,喜欢,2
409,达到,2
410,橡胶,2
411,铺设,2
412,形成,2
413,灵魂,2
414,角落,2
415,不断,2
416,不要,2
417,车辙,2
418,延伸,2
419,支撑,2
420,向上,2
421,新手,2
422,别人,2
423,继续,2
424,倾倒,2
425,铁制,2
426,洗金,2
427,以便,2
428,口气,2
429,一下,2
430,备用,2
431,现在,2
432,这时,2
433,重新,2
434,监视,2
435,指望,2
436,前辈,2
437,吸烟,2
438,欺骗,2
439,愤怒,2
440,几乎,2
441,官方,2
442,代替,2
443,克里,2
444,维茨基,2
445,博士,2
446,看不到,2
447,枪托,2
448,地区,2
449,内务,2
450,管理处,2
451,弯曲,2
452,喊道,2
453,哪里,2
454,坏血病,2
455,发表,2
456,设计,2
457,容积,2
458,万辆,2
459,浪费,2
460,朋友,2
461,灯罩,2
462,十辆,2
463,小推车,2
464,挺直,2
465,第一,2
466,区域,2
467,稍微,2
468,实际上,2
469,统一,2
470,第一种,2
471,大陆,2
472,制成,2
473,适合,2
474,正在,2
475,控制,2
476,平均,2
477,黑帮,2
478,分子,2
479,配给,2
480,设法,2
481,有利,2
482,记得,2
483,小时,2
484,十米,2
485,清楚,2
486,颤抖,2
487,引起,2
488,殴打,2
489,自行车,2
490,曾经,2
491,自我,2
492,两侧,2
493,一点,2
494,过去,2
495,考虑,2
496,那天,2
497,一米,2
498,下面,2
499,漏斗,2
500,顶部,2
501,晚上,2
502,不让,2
503,事情,2
504,滑溜溜,2
505,珍贵,2
506,高度,2
507,补偿,2
508,钻头,2
509,感受,2
510,行进,2
511,圆盘,2
512,润滑脂,2
513,车道,2
514,公里,2
515,挖掘机,2
516,虽多,1
517,获取,1
518,楚科奇,1
519,海外,1
520,邻居,1
521,焕发,1
522,能否,1
523,驾驭,1
524,淘金者,1
525,脉搏,1
526,平稳,1
527,狂热,1
528,垂死,1
529,身上,1
530,一簇,1
531,燃烧,1
532,微光,1
533,答案,1
534,更为,1
535,惊人,1
536,砂盘,1
537,真正,1
538,结果,1
539,挖掘,1
540,石匠,1
541,不感兴趣,1
542,感兴趣,1
543,身心,1
544,怎么办,1
545,森市,1
546,狂欢,1
547,十万人,1
548,有所作为,1
549,严重,1
550,大陆性气候,1
551,下降,1
552,不过,1
553,五十五,1
554,记录,1
555,摄氏,1
556,五十六,1
557,低时,1
558,营房,1
559,这指,1
560,摄氏度,1
561,华氏度,1
562,一九四,1
563,最低气温,1
564,降到,1
565,五十二,1
566,殖民,1
567,开发,1
568,这片,1
569,边疆地区,1
570,找到,1
571,炸药,1
572,步骤,1
573,彼此,1
574,紧密,1
575,相连,1
576,最佳,1
577,运回,1
578,拆解,1
579,只顾,1
580,利益,1
581,同伴,1
582,人数,1
583,协作,1
584,不间断,1
585,运输,1
586,覆土,1
587,夏季,1
588,解释一下,1
589,层不含,1
590,暴露,1
591,运走,1
592,来运,1
593,不在乎,1
594,卸下,1
595,空车,1
596,换上,1
597,早已,1
598,满载,1
599,运作,1
600,总共,1
601,为了,1
602,按期,1
603,想出,1
604,初级,1
605,尽管,1
606,构成,1
607,耗尽,1
608,精力,1
609,威胁,1
610,环形,1
611,绞车,1
612,电缆,1
613,线路,1
614,贡献,1
615,确定,1
616,不惜代价,1
617,不计,1
618,数量,1
619,保障,1
620,奴工,1
621,一百,1
622,再也,1
623,幸免,1
624,名副其实,1
625,高层,1
626,完全同意,1
627,理解,1
628,支持,1
629,三百年,1
630,开展业务,1
631,毫无用处,1
632,缺乏,1
633,权威,1
634,害怕,1
635,越界,1
636,贵金属,1
637,文化,1
638,中心,1
639,符拉迪沃斯托克,1
640,合作,1
641,带来,1
642,费心,1
643,路径,1
644,海洋,1
645,穿越,1
646,沼泽,1
647,山脉,1
648,时代,1
649,标志,1
650,一台,1
651,保卫局,1
652,秘密警察,1
653,审判,1
654,签字,1
655,足以,1
656,数百万,1
657,发配,1
658,远北去,1
659,送死,1
660,每份,1
661,个人档案,1
662,硬纸板,1
663,两份,1
664,裁决,1
665,摘要,1
666,特别,1
667,指令,1
668,指定,1
669,剥夺,1
670,邮政,1
671,电报,1
672,通信,1
673,此外,1
674,每隔,1
675,六个月,1
676,类似,1
677,每月,1
678,发给,1
679,服刑,1
680,死刑,1
681,杀戮,1
682,代名词,1
683,或慢,1
684,取决于,1
685,石矿,1
686,意愿,1
687,漂亮,1
688,里装,1
689,一大堆,1
690,资料,1
691,拒绝,1
692,控告,1
693,副本,1
694,调查,1
695,机关,1
696,涵盖,1
697,各种各样,1
698,不够,1
699,不足以,1
700,不少,1
701,及其,1
702,接触,1
703,档案,1
704,被塞得,1
705,满满当当,1
706,纸张,1
707,鲜血,1
708,浸透,1
709,文字,1
710,褪色,1
711,人类,1
712,定影剂,1
713,合格,1
714,秋天,1
715,露天开采,1
716,成箱,1
717,四个,1
718,一箱,1
719,成堆,1
720,废料,1
721,剥开,1
722,初春,1
723,被捕,1
724,律师,1
725,被告,1
726,放下,1
727,岛上,1
728,那样,1
729,严酷,1
730,黑潮,1
731,环绕,1
732,沿海地区,1
733,三十,1
734,有雪,1
735,有雨,1
736,亚布,1
737,诺维,1
738,山口,1
739,采金,1
740,分界线,1
741,以上,1
742,之路,1
743,严峻,1
744,关隘,1
745,一百公里,1
746,越走越远,1
747,地势,1
748,天气,1
749,追随,1
750,榜样,1
751,像是,1
752,不重,1
753,取下,1
754,行走,1
755,数千公里,1
756,羞辱,1
757,手段,1
758,春天,1
759,卡宴,1
760,共产党员,1
761,搭档,1
762,采石场,1
763,两年,1
764,情况,1
765,舒适,1
766,纷争,1
767,手脚,1
768,心脏,1
769,停止,1
770,但卡宴,1
771,经历,1
772,面比,1
773,坚持,1
774,好事,1
775,坏事,1
776,痛苦,1
777,过程,1
778,第一次,1
779,爱上,1
780,因其,1
781,奴役,1
782,本性,1
783,无比,1
784,卑贱,1
785,关注,1
786,自我牺牲,1
787,道理,1
788,撬杠,1
789,主要,1
790,狭窄,1
791,长柄,1
792,打孔,1
793,铁勺,1
794,除此之外,1
795,淘洗,1
796,位置,1
797,刮土,1
798,上下,1
799,推开,1
800,弄碎,1
801,是从,1
802,娇贵,1
803,动物,1
804,患上,1
805,疾病,1
806,上司,1
807,偷吃,1
808,下马,1
809,比人,1
810,简单,1
811,更好,1
812,诚实,1
813,更近,1
814,国家计划,1
815,深入,1
816,面工队,1
817,两名,1
818,三名,1
819,配备,1
820,三辆,1
821,需求,1
822,而定,1
823,绝不能,1
824,重大,1
825,早上,1
826,梦寐以求,1
827,固定,1
828,镐头,1
829,碰到,1
830,就会,1
831,有权,1
832,锋利,1
833,易于,1
834,良好,1
835,锤工,1
836,修整,1
837,送到,1
838,闲着,1
839,清扫,1
840,总归,1
841,希望,1
842,只到,1
843,午饭时间,1
844,深入研究,1
845,建议,1
846,改进,1
847,妨碍,1
848,实现,1
849,做事,1
850,这使,1
851,地压,1
852,肩上,1
853,难道,1
854,努力,1
855,原子弹,1
856,正如,1
857,费米,1
858,爱因斯坦,1
859,所说,1
860,物理学,1
861,优势,1
862,劳动力,1
863,最快,1
864,杀人,1
865,磋商,1
866,一位,1
867,发言,1
868,熔炉,1
869,炉子,1
870,走动,1
871,拖延,1
872,每件事,1
873,十六岁,1
874,学生,1
875,指控,1
876,企图,1
877,暗杀,1
878,区委,1
879,第一书记,1
880,判处,1
881,二十年,1
882,监禁,1
883,经受,1
884,不住,1
885,严冬,1
886,考验,1
887,后来,1
888,发现,1
889,贝利亚,1
890,亲自,1
891,办公室,1
892,射杀,1
893,从未,1
894,案子,1
895,也好,1
896,肮脏,1
897,眼中,1
898,闪烁着,1
899,光芒,1
900,小学生,1
901,担任,1
902,职位,1
903,固然,1
904,露天,1
905,七月,1
906,白天,1
907,脚下,1
908,冰冷,1
909,穿着,1
910,短缺,1
911,不规则,1
912,上面,1
913,不仅仅,1
914,还用,1
915,工程,1
916,紧密连接,1
917,宽度,1
918,半米,1
919,加固,1
920,凸出,1
921,偏移,1
922,工就能,1
923,小跑,1
924,长约,1
925,三百米,1
926,一部分,1
927,结合,1
928,艰苦,1
929,旁有,1
930,牢固,1
931,可靠,1
932,落叶松,1
933,疯狂,1
934,磨得,1
935,破旧不堪,1
936,替换,1
937,运用,1
938,技巧,1
939,推出,1
940,转过,1
941,陷入,1
942,磨损,1
943,中间,1
944,丝带,1
945,开来,1
946,面到,1
947,从头到尾,1
948,一直,1
949,就要,1
950,保持平衡,1
951,时机,1
952,飞奔,1
953,进入,1
954,超越,1
955,落下,1
956,超车,1
957,空间,1
958,疾驰,1
959,坚持不懈,1
960,以免,1
961,吃饱,1
962,小心,1
963,以防,1
964,下去,1
965,三米,1
966,横梁,1
967,这辆,1
968,带到,1
969,轨道,1
970,前往,1
971,清洗,1
972,无关,1
973,翘起来,1
974,全部,1
975,部分,1
976,抓起,1
977,迅速,1
978,挪到,1
979,环顾四周,1
980,很饱,1
981,辅助,1
982,面是,1
983,破旧,1
984,坚固,1
985,有人,1
986,听到,1
987,警告声,1
988,推下去,1
989,的话,1
990,办法,1
991,面时,1
992,片刻,1
993,第一辆,1
994,上时,1
995,艺术,1
996,上推,1
997,朝前,1
998,竖起,1
999,手上,1
1000,节省,1
1001,时举,1
1002,流动,1
1003,面后,1
1004,扔下,1
1005,站着不动,1
1006,无所事事,1
1007,严厉,1
1008,注视,1
1009,走上,1
1010,可怕,1
1011,法则,1
1012,始终,1
1013,受到,1
1014,严密,1
1015,便是,1
1016,万幸,1
1017,两人组,1
1018,三人,1
1019,组中,1
1020,资深,1
1021,到处,1
1022,老手,1
1023,犯罪,1
1024,破坏,1
1025,第款,1
1026,惩罚,1
1027,不该,1
1028,赚取,1
1029,仇恨,1
1030,付出代价,1
1031,无所谓,1
1032,别处,1
1033,取暖,1
1034,留下,1
1035,观察员,1
1036,助理,1
1037,国防工业,1
1038,连续,1
1039,特区,1
1040,工段长,1
1041,武装,1
1042,并用,1
1043,教训,1
1044,越轨,1
1045,党组织,1
1046,值勤,1
1047,官员,1
1048,网络,1
1049,西方,1
1050,西南方,1
1051,密切,1
1052,一举一动,1
1053,文学作品,1
1054,新闻报道,1
1055,错误,1
1056,拉屎,1
1057,解开,1
1058,裤扣,1
1059,自由,1
1060,适应,1
1061,收缩,1
1062,挥舞,1
1063,皮病,1
1064,痢疾,1
1065,暂停,1
1066,目光,1
1067,转向,1
1068,文献,1
1069,摘自,1
1070,十一月,1
1071,苏维埃,1
1072,报上,1
1073,文章,1
1074,一段,1
1075,不得不,1
1076,紧密联系,1
1077,很难说,1
1078,段时间,1
1079,多久,1
1080,在此期间,1
1081,人工,1
1082,地说,1
1083,很大,1
1084,程度,1
1085,影响,1
1086,生产成本,1
1087,未来,1
1088,几年,1
1089,满足,1
1090,条件,1
1091,首先,1
1092,其次,1
1093,毫无,1
1094,成效,1
1095,第三,1
1096,毫无意义,1
1097,大量,1
1098,财政资金,1
1099,回忆录,1
1100,提到,1
1101,航空工业,1
1102,副政委,1
1103,事实,1
1104,说法,1
1105,前后,1
1106,几百万,1
1107,符合,1
1108,篇文章,1
1109,多年,1
1110,三十年,1
1111,公寓,1
1112,聚集,1
1113,乔迁,1
1114,派对,1
1115,力所能及,1
1116,实用,1
1117,带有,1
1118,电线,1
1119,二十世纪,1
1120,六十年代,1
1121,男人,1
1122,应对,1
1123,布线,1
1124,安装,1
1125,进来,1
1126,认识,1
1127,女人,1
1128,大声,1
1129,外套,1
1130,没用,1
1131,笨蛋,1
1132,看看,1
1133,学过,1
1134,知识,1
1135,技能,1
1136,仍能,1
1137,重复,1
1138,讨厌,1
1139,备受,1
1140,喜爱,1
1141,首要任务,1
1142,抬起,1
1143,之前,1
1144,身后,1
1145,牢牢,1
1146,推动力,1
1147,腿部,1
1148,发力,1
1149,向前,1
1150,放松,1
1151,看不见,1
1152,转弯,1
1153,盲目,1
1154,陡峭,1
1155,前臂,1
1156,车身,1
1157,颈部,1
1158,二头肌,1
1159,约束,1
1160,自动,1
1161,条件反射,1
1162,力量,1
1163,前进,1
1164,三种,1
1165,普通,1
1166,矿石,1
1167,多重,1
1168,不到,1
1169,标准,1
1170,重量,1
1171,几十万,1
1172,维生素,1
1173,铆接,1
1174,两倍,1
1175,自然,1
1176,日益壮大,1
1177,一生,1
1178,两次,1
1179,发现自己,1
1180,之间,1
1181,人能,1
1182,协调,1
1183,配合,1
1184,脱离,1
1185,他人,1
1186,身子,1
1187,向前走,1
1188,长度,1
1189,角度,1
1190,比大,1
1191,之后,1
1192,淘汰,1
1193,碰巧,1
1194,基本,1
1195,产量,1
1196,统计学,1
1197,一门,1
1198,虚假,1
1199,从不,1
1200,公开,1
1201,承认,1
1202,读者,1
1203,旁观者,1
1204,推断出,1
1205,看作,1
1206,真实,1
1207,以下内容,1
1208,层中,1
1209,至米外,1
1210,作业,1
1211,矿砂,1
1212,至米,1
1213,外米,1
1214,相当,1
1215,斯塔,1
1216,汉诺夫,1
1217,突击手,1
1218,指标,1
1219,先锋,1
1220,最近,1
1221,五到,1
1222,六米,1
1223,就行了,1
1224,不人道,1
1225,八月,1
1226,十八个,1
1227,近距离,1
1228,应付,1
1229,百分比,1
1230,最远,1
1231,预谋,1
1232,例外,1
1233,狗叫声,1
1234,走过,1
1235,那米,1
1236,这米,1
1237,隐藏,1
1238,权利,1
1239,经常,1
1240,归功于,1
1241,或非,1
1242,夏夜,1
1243,含金,1
1244,多样,1
1245,卵石,1
1246,河沙,1
1247,憔悴,1
1248,每时每刻,1
1249,挨打,1
1250,疼痛,1
1251,治疗,1
1252,导致,1
1253,溃疡,1
1254,上移,1
1255,几个,1
1256,发出,1
1257,嘈杂,1
1258,隆隆声,1
1259,巡逻,1
1260,棍子,1
1261,追着,1
1262,表扬,1
1263,跑步,1
1264,蜗牛,1
1265,咆哮,1
1266,向右转,1
1267,同时,1
1268,偏离,1
1269,一侧,1
1270,纠正,1
1271,相适应,1
1272,推得,1
1273,胜利,1
1274,失败,1
1275,侮辱,1
1276,蔑视,1
1277,拖上,1
1278,滚去,1
1279,后面,1
1280,跟着,1
1281,双脚,1
1282,左右摇摆,1
1283,拼命,1
1284,几十米,1
1285,泊位,1
1286,相连接,1
1287,这块,1
1288,奔跑,1
1289,立刻,1
1290,粗暴,1
1291,地挤,1
1292,沿途,1
1293,洒落,1
1294,运送,1
1295,甚至,1
1296,高兴,1
1297,挤下去,1
1298,短暂,1
1299,一分钟,1
1300,交替,1
1301,继续前进,1
1302,推回,1
1303,脑子里,1
1304,无助,1
1305,之外,1
1306,半个,1
1307,不高,1
1308,高铺,1
1309,厚厚的,1
1310,坑洞,1
1311,栅栏,1
1312,围起来,1
1313,缆绳,1
1314,牵引,1
1315,水流,1
1316,沉淀,1
1317,长达米,1
1318,工不,1
1319,接近,1
1320,认为,1
1321,选择,1
1322,入口处,1
1323,专人,1
1324,工将,1
1325,一项,1
1326,更为重要,1
1327,即使如此,1
1328,觉得,1
1329,太慢,1
1330,调动,1
1331,一丝,1
1332,推到,1
1333,起点,1
1334,土地,1
1335,长时间,1
1336,脚步,1
1337,强迫,1
1338,脚底,1
1339,离开,1
1340,地面,1
1341,无力,1
1342,抬腿,1
1343,加快脚步,1
1344,周围,1
1345,走来走去,1
1346,勤务员,1
1347,监督员,1
1348,推搡,1
1349,感到,1
1350,一震,1
1351,强烈,1
1352,震动,1
1353,好像,1
1354,只要,1
1355,地狱,1
1356,驶向,1
1357,弗尔索夫,1
1358,表明,1
1359,法西斯主义,1
1360,共同之处,1
1361,彼得,1
1362,列昂尼,1
1363,米哈伊洛维奇,1
1364,铲起,1
1365,泥浆,1
1366,难以捉摸,1
1367,面团,1
1368,切成,1
1369,钩子,1
1370,挑起来,1
1371,扔进,1
1372,用手,1
1373,撕下,1
1374,鹅卵石,1
1375,放进,1
1376,上坡,1
1377,堵住,1
1378,试图,1
1379,撞倒,1
1380,这次,1
1381,预料到,1
1382,一路,1
1383,到底,1
1384,并不多,1
1385,我用,1
1386,宝贵,1
1387,干净,1
1388,平行,1
1389,第二条,1
1390,引导,1
1391,返回,1
1392,身边,1
1393,高音,1
1394,问道,1
1395,学习,1
1396,专业知识,1
1397,用工,1
1398,文卡,1
1399,拜克,1
1400,愿意,1
1401,两米,1
1402,敌人,1
1403,罪犯,1
1404,故意,1
1405,面前,1
1406,摔倒,1
1407,额外,1
1408,上用,1
1409,前端,1
1410,帮忙,1
1411,打桩,1
1412,尖端,1
1413,削平,1
1414,弯成,1
1415,钩状,1
1416,重心,1
1417,车轴,1
1418,回程,1
1419,工都,1
1420,两种,1
1421,类型,1
1422,直径,1
1423,较厚,1
1424,按照,1
1425,物理,1
1426,定律,1
1427,第二种,1
1428,稳定,1
1429,销轴先用,1
1430,柏油,1
1431,固体,1
1432,销轴,1
1433,紧紧,1
1434,插入,1
1435,仔细,1
1436,存放,1
1437,棚里,1
1438,中会,1
1439,多少,1
1440,损坏,1
1441,数以千计,1
1442,统计数据,1
1443,同样,1
1444,大小不一,1
1445,横跨,1
1446,矿区,1
1447,一殊,1
1448,分岔,1
1449,出去,1
1450,八条,1
1451,卡车,1
1452,通行,1
1453,矿床,1
1454,连接起来,1
1455,直通,1
1456,内拉,1
1457,全长,1
1458,超过,1
1459,一千二百,1
1460,加上,1
1461,德连,1
1462,基尔,1
1463,金斯克,1
1464,总长度,1
1465,两千公里,1
1466,战争,1
1467,期间,1
1468,推土机,1
1469,在此之前,1
1470,亚戈,1
1471,德内,1
1472,以外,1
1473,六百,1
1474,南方,1
1475,建成,1
1476,产出,1
1477,勋章,1
1478,数十,1
1479,亿立方米,1
1480,爆破,1
1481,小径,1
1482,定居点,1
1483,墓地,1
